{
    "1141849395902554202": {
        "tickets_claimed": 4,
        "tickets_closed": 11,
        "tickets_participated": 39
    },
    "1142953618786492546": {
        "tickets_claimed": 6,
        "tickets_closed": 7,
        "tickets_participated": 26
    },
    "1124352906846539906": {
        "tickets_claimed": 0,
        "tickets_closed": 0,
        "tickets_participated": 10
    },
    "906731367457505364": {
        "tickets_claimed": 3,
        "tickets_closed": 2,
        "tickets_participated": 3
    },
    "1171623856990064780": {
        "tickets_claimed": 0,
        "tickets_closed": 1,
        "tickets_participated": 0
    }
}