{
    "716380967190659143": [
        {
            "reason": "No reason provided.",
            "moderator": "<@1141849395902554202>"
        },
        {
            "reason": "troll ticket",
            "moderator": "<@906731367457505364>"
        }
    ],
    "1079171474566422648": [
        {
            "reason": "no aura",
            "moderator": "<@1141849395902554202>"
        }
    ],
    "702543604115308605": [
        {
            "reason": "for being a sigma",
            "moderator": "<@906731367457505364>"
        }
    ]
}